<?xml version="1.0" encoding="UTF-8" ?>
<!DOCTYPE configuration PUBLIC "-//mybatis.org//DTD Config 3.0//EN" 
"http://mybatis.org/dtd/mybatis-3-config.dtd">
<configuration>
	<typeAliases>
		<typeAlias alias="admin" type="com.entity.Admin" />
		<typeAlias alias="users" type="com.entity.Users" />
		<typeAlias alias="article" type="com.entity.Article" />
		<typeAlias alias="cate" type="com.entity.Cate" />
		<typeAlias alias="house" type="com.entity.House" />
		<typeAlias alias="contract" type="com.entity.Contract" />
		<typeAlias alias="bbs" type="com.entity.Bbs" />
		<typeAlias alias="rebbs" type="com.entity.Rebbs" />
	</typeAliases>
	<mappers>
		<mapper resource="com/entity/admin.xml" />
		<mapper resource="com/entity/users.xml" />
		<mapper resource="com/entity/article.xml" />
		<mapper resource="com/entity/cate.xml" />
		<mapper resource="com/entity/house.xml" />
		<mapper resource="com/entity/contract.xml" />
		<mapper resource="com/entity/bbs.xml" />
		<mapper resource="com/entity/rebbs.xml" />
	</mappers>
</configuration>
























